URL,OCCURRENCES
http://abosrab.net/icons/back.gif,20
http://abosrab.net/icons/compressed.gif,1
http://abosrab.net/icons/folder.gif,41
http://abosrab.net/icons/image2.gif,29
http://abosrab.net/icons/sound2.gif,2616
http://abosrab.net/icons/unknown.gif,9
http://abosrab.net/images/asheg-srab_02.jpg,1
http://abosrab.net/images/asheg-srab_03.jpg,1
http://abosrab.net/images/asheg-srab_04.jpg,1
http://abosrab.net/images/asheg-srab_05.jpg,1
http://abosrab.net/images/asheg-srab_06.jpg,1
http://abosrab.net/images/asheg-srab_07.jpg,1
http://abosrab.net/images/asheg-srab_08.jpg,1
http://abosrab.net/images/asheg-srab_09.jpg,1
http://abosrab.net/images/asheg-srab_11.jpg,1
http://abosrab.net/images/asheg-srab_13.jpg,1
http://abosrab.net/images/asheg-srab_14.jpg,1
http://abosrab.net/images/asheg-srab_15.jpg,1
http://abosrab.net/images/asheg-srab_18.jpg,1
http://abosrab.net/images/asheg-srab_19.jpg,1
http://abosrab.net/images/asheg-srab_21.jpg,1
http://abosrab.net/images/asheg-srab_23.jpg,1
http://abosrab.net/images/asheg-srab_24.jpg,1
http://abosrab.net/images/asheg-srab_26.jpg,1
http://abosrab.net/images/asheg-srab_27.jpg,1
http://abosrab.net/images/asheg-srab_29.jpg,1
http://abosrab.net/images/asheg-srab_30.jpg,1
http://abosrab.net/images/asheg-srab_31.jpg,1
http://abosrab.net/images/asheg-srab_32.jpg,1
http://abosrab.net/images/asheg-srab_33.jpg,1
http://abosrab.net/images/asheg-srab_34.jpg,1
http://abosrab.net/images/eror_01.jpg,1
http://abosrab.net/images/eror_02.jpg,1
http://abosrab.net/images/eror_03.jpg,1
http://abosrab.net/images/eror_04.jpg,1
http://abosrab.net/images/eror_05.jpg,1
http://abosrab.net/images/eror_06.jpg,1
http://abosrab.net/images/eror_07.jpg,1
http://abosrab.net/images/eror_08.jpg,1
http://abosrab.net/images/eror_09.jpg,1
http://abosrab.net/images/eror_10.jpg,1
http://abosrab.net/images/eror_11.jpg,1
http://abosrab.net/images/eror_12.jpg,1
http://abosrab.net/images/eror_13.jpg,1
http://abosrab.net/images/eror_14.jpg,1
http://abosrab.net/images/eror_15.jpg,1
http://abosrab.net/images/eror_17.jpg,1
http://abosrab.net/images/eror_18.jpg,1
http://abosrab.net/images/eror_19.jpg,1
http://abosrab.net/images/eror_20.jpg,1
http://abosrab.net/images/eror_21.jpg,1
http://abosrab.net/images/eror_22.jpg,1
http://abosrab.net/images/eror_23.jpg,1
http://abosrab.net/images/eror_24.jpg,1
http://abosrab.net/images/eror_25.jpg,1
http://abosrab.net/images/index_10.gif,1
http://abosrab.net/images/index_20.gif,1
http://abosrab.net/images/index_25.gif,1
http://abosrab.net/music/11/Untitled-1_12.gif,1
http://abosrab.net/music/11/Untitled-1_14.gif,1
http://abosrab.net/music/blocks/images/abu-sunatan_03.jpg,127
http://abosrab.net/music/blocks/images/abu-sunatan_07.jpg,127
http://abosrab.net/music/blocks/images/abu-sunatan_16.jpg,127
http://abosrab.net/music/blocks/images/abu-sunatan_20.jpg,127
http://abosrab.net/music/blocks/images/blocks_01.gif,36
http://abosrab.net/music/blocks/images/blocks_03.gif,36
http://abosrab.net/music/blocks/images/blocks_07.gif,36
http://abosrab.net/music/blocks/images/blocks_08.gif,36
http://abosrab.net/music/blocks/images/blocks_09.gif,36
http://abosrab.net/music/header.gif,2
http://abosrab.net/music/images/banner2.jpg,6
http://abosrab.net/music/images/box1.gif,2
http://abosrab.net/music/images/box3.gif,2
http://abosrab.net/music/images/box4.gif,2
http://abosrab.net/music/images/box6.gif,2
http://abosrab.net/music/images/box8.gif,2
http://abosrab.net/music/images/e.gif,354
http://abosrab.net/music/images/lesson.gif,354
http://abosrab.net/music/images/mail.gif,354
http://abosrab.net/music/images/save.gif,199
http://abosrab.net/music/singers/25.gif,1
http://abosrab.net/music/singers/26.gif,1
http://abosrab.net/music/singers/27.gif,1
http://abosrab.net/music/singers/41.gif,1
http://abosrab.net/music/singers/48.gif,1
http://abosrab.net/music/singers/5.gif,1
http://abosrab.net/music/singers/55.gif,1
http://abosrab.net/music/singers/56.gif,1
http://abosrab.net/music/singers/77.gif,1
http://abosrab.net/music/singers/78.gif,1
http://abosrab.net/music/singers/81.gif,1
http://abosrab.net/vb/abo/buttons/collapse_tcat.gif,4
http://abosrab.net/vb/abo/buttons/collapse_thead.gif,9
http://abosrab.net/vb/abo/misc/navbits_start.gif,2
http://abosrab.net/vb/abo/misc/stats.gif,3
http://abosrab.net/vb/abo/misc/whos_online.gif,6
http://abosrab.net/vb/abo/statusicon/forum_new.gif,3
http://abosrab.net/vb/abo/statusicon/forum_old.gif,15
http://abosrab.net/vb/abo/statusicon/forum_old_lock.gif,3
http://abosrab.net/vb/abo/statusicon/subforum_old.gif,1
http://abosrab.net/vb/abosrab-style/abosrab-body-fox84_01.gif,27
http://abosrab.net/vb/abosrab-style/abosrab-body-fox84_02.gif,27
http://abosrab.net/vb/abosrab-style/abosrab-body-fox84_03.gif,27
http://abosrab.net/vb/abosrab-style/abosrab-body-fox84_05.gif,27
http://abosrab.net/vb/abosrab-style/abosrab-body-fox84_06.gif,27
http://abosrab.net/vb/abosrab-style/abosrab-body-fox84_07.gif,27
http://abosrab.net/vb/abosrab-style/buttons/collapse_thead.gif,24
http://abosrab.net/vb/abosrab-style/misc/navbits_start.gif,16
http://abosrab.net/vb/abosrab-style/misc/stats.gif,4
http://abosrab.net/vb/abosrab-style/misc/who_posted_today.gif,4
http://abosrab.net/vb/abosrab-style/misc/whos_online.gif,4
http://abosrab.net/vb/abosrab-style/misc/whos_online_today.gif,4
http://abosrab.net/vb/abosrab-style/statusicon/forum_new.gif,8
http://abosrab.net/vb/abosrab-style/statusicon/forum_old.gif,4
http://abosrab.net/vb/abosrab-style/statusicon/forum_old_lock.gif,4
http://abosrab.net/vb/abosrab-style/statusicon/thread.gif,8
http://abosrab.net/vb/abosrab-style/statusicon/thread_hot.gif,8
http://abosrab.net/vb/abosrab-style/statusicon/thread_hot_new.gif,8
http://abosrab.net/vb/abosrab-style/statusicon/thread_lock.gif,8
http://abosrab.net/vb/abosrab-style/statusicon/thread_new.gif,8
http://abosrab.net/vb/abu-sunatan/abu-sunatan/e3lan.gif,4
http://abosrab.net/vb/abu-sunatan/buttons/collapse_thead.gif,3
http://abosrab.net/vb/abu-sunatan/last/1.jpg,1
http://abosrab.net/vb/abu-sunatan/last/3.jpg,1
http://abosrab.net/vb/abu-sunatan/misc/stats.gif,1
http://abosrab.net/vb/abu-sunatan/misc/whos_online.gif,1
http://abosrab.net/vb/abu-sunatan/q/q1.gif,4
http://abosrab.net/vb/abu-sunatan/q/q3.gif,4
http://abosrab.net/vb/abu-sunatan/q/q4.gif,4
http://abosrab.net/vb/abu-sunatan/q/q6.gif,4
http://abosrab.net/vb/abu-sunatan/statusicon/forum_link.gif,1
http://abosrab.net/vb/abu-sunatan/statusicon/forum_new.gif,1
http://abosrab.net/vb/abu-sunatan/statusicon/forum_old.gif,1
http://abosrab.net/vb/abu-sunatan/statusicon/forum_old_lock.gif,1
http://abosrab.net/vb/image.php?type=dberror,2
http://abosrab.net/vb/images/smilies/1eye.gif,4
http://abosrab.net/vb/images/smilies/553.gif,4
http://abosrab.net/vb/images/smilies/554.gif,4
http://abosrab.net/vb/images/smilies/555.gif,4
http://abosrab.net/vb/images/smilies/556.gif,4
http://abosrab.net/vb/images/smilies/557.gif,4
http://abosrab.net/vb/images/smilies/558.gif,4
http://abosrab.net/vb/images/smilies/559.gif,4
http://abosrab.net/vb/images/smilies/560.gif,4
http://abosrab.net/vb/images/smilies/561.gif,4
http://abosrab.net/vb/images/smilies/562.gif,4
http://abosrab.net/vb/images/smilies/563.gif,4
http://abosrab.net/vb/images/smilies/564.gif,4
http://abosrab.net/vb/images/smilies/565.gif,4
http://abosrab.net/vb/images/smilies/566.gif,4
http://abosrab.net/vb/images/smilies/567.gif,4
http://abosrab.net/vb/images/smilies/568.gif,4
http://abosrab.net/vb/images/smilies/569.gif,4
http://abosrab.net/vb/images/smilies/570.gif,4
http://abosrab.net/vb/images/smilies/571.gif,4
http://abosrab.net/vb/images/smilies/572.gif,4
http://abosrab.net/vb/images/smilies/573.gif,4
http://abosrab.net/vb/images/smilies/574.gif,4
http://abosrab.net/vb/images/smilies/575.gif,4
http://abosrab.net/vb/images/smilies/576.gif,4
http://abosrab.net/vb/images/smilies/577.gif,4
http://abosrab.net/vb/images/smilies/579.gif,4
http://abosrab.net/vb/images/smilies/580.gif,4
http://abosrab.net/vb/images/smilies/581.gif,4
http://abosrab.net/vb/images/smilies/582.gif,4
http://abosrab.net/vb/images/smilies/583.gif,4
http://abosrab.net/vb/images/smilies/584.gif,4
http://abosrab.net/vb/images/smilies/585.gif,4
http://abosrab.net/vb/images/smilies/586.gif,4
http://abosrab.net/vb/images/smilies/587.gif,4
http://abosrab.net/vb/images/smilies/588.gif,4
http://abosrab.net/vb/images/smilies/biggrin.gif,4
http://abosrab.net/vb/images/smilies/bigsmile.gif,4
http://abosrab.net/vb/images/smilies/bleh.gif,4
http://abosrab.net/vb/images/smilies/blush-anim-cl.gif,4
http://abosrab.net/vb/images/smilies/blushing.gif,4
http://abosrab.net/vb/images/smilies/busted_red.gif,4
http://abosrab.net/vb/images/smilies/bye1.gif,4
http://abosrab.net/vb/images/smilies/clap.gif,4
http://abosrab.net/vb/images/smilies/confused.gif,4
http://abosrab.net/vb/images/smilies/cool.gif,4
http://abosrab.net/vb/images/smilies/crazy.gif,4
http://abosrab.net/vb/images/smilies/cupidarrow.gif,4
http://abosrab.net/vb/images/smilies/detective2.gif,4
http://abosrab.net/vb/images/smilies/dunno.gif,4
http://abosrab.net/vb/images/smilies/eek.gif,4
http://abosrab.net/vb/images/smilies/essen.gif,4
http://abosrab.net/vb/images/smilies/evil_lol.gif,4
http://abosrab.net/vb/images/smilies/exclamationpoint.gif,4
http://abosrab.net/vb/images/smilies/flex.gif,4
http://abosrab.net/vb/images/smilies/frown.gif,4
http://abosrab.net/vb/images/smilies/fruits_cherry.gif,4
http://abosrab.net/vb/images/smilies/getroffen.gif,4
http://abosrab.net/vb/images/smilies/harhar1.gif,4
http://abosrab.net/vb/images/smilies/icon-mos.gif,4
http://abosrab.net/vb/images/smilies/icon1.gif,4
http://abosrab.net/vb/images/smilies/icon11.gif,4
http://abosrab.net/vb/images/smilies/icon12.gif,4
http://abosrab.net/vb/images/smilies/icon13.gif,4
http://abosrab.net/vb/images/smilies/icon1366.gif,4
http://abosrab.net/vb/images/smilies/icon14.gif,4
http://abosrab.net/vb/images/smilies/icon16.gif,4
http://abosrab.net/vb/images/smilies/icon18.gif,4
http://abosrab.net/vb/images/smilies/icon2.gif,4
http://abosrab.net/vb/images/smilies/icon20.gif,4
http://abosrab.net/vb/images/smilies/icon26.gif,4
http://abosrab.net/vb/images/smilies/icon28.gif,4
http://abosrab.net/vb/images/smilies/icon3.gif,4
http://abosrab.net/vb/images/smilies/icon30.gif,4
http://abosrab.net/vb/images/smilies/icon31.gif,4
http://abosrab.net/vb/images/smilies/icon4.gif,4
http://abosrab.net/vb/images/smilies/icon5.gif,4
http://abosrab.net/vb/images/smilies/icon6.gif,4
http://abosrab.net/vb/images/smilies/icon8.gif,4
http://abosrab.net/vb/images/smilies/icon9.gif,4
http://abosrab.net/vb/images/smilies/iconrote.gif,4
http://abosrab.net/vb/images/smilies/idea.gif,4
http://abosrab.net/vb/images/smilies/in_love.gif,4
http://abosrab.net/vb/images/smilies/mad.gif,4
http://abosrab.net/vb/images/smilies/msn-wink.gif,4
http://abosrab.net/vb/images/smilies/no.gif,4
http://abosrab.net/vb/images/smilies/nosweat.gif,4
http://abosrab.net/vb/images/smilies/questionmark.gif,4
http://abosrab.net/vb/images/smilies/redface.gif,4
http://abosrab.net/vb/images/smilies/rolleyes.gif,4
http://abosrab.net/vb/images/smilies/sad_1.gif,4
http://abosrab.net/vb/images/smilies/sadwalk.gif,4
http://abosrab.net/vb/images/smilies/santa_1.gif,4
http://abosrab.net/vb/images/smilies/schmoll.gif,4
http://abosrab.net/vb/images/smilies/shiny.gif,4
http://abosrab.net/vb/images/smilies/showoff.gif,4
http://abosrab.net/vb/images/smilies/shutup.gif,4
http://abosrab.net/vb/images/smilies/sly.gif,4
http://abosrab.net/vb/images/smilies/smile.gif,4
http://abosrab.net/vb/images/smilies/smoke1.gif,4
http://abosrab.net/vb/images/smilies/smurf.gif,4
http://abosrab.net/vb/images/smilies/strongsad.gif,4
http://abosrab.net/vb/images/smilies/surrender.gif,4
http://abosrab.net/vb/images/smilies/tears.gif,4
http://abosrab.net/vb/images/smilies/thumbdown.gif,4
http://abosrab.net/vb/images/smilies/tongue.gif,4
http://abosrab.net/vb/images/smilies/wink.gif,4
http://abosrab.net/vb/rm_wh/buttons/collapse_thead.gif,1
http://abosrab.net/vb/rm_wh/misc/navbits_start.gif,2
http://abosrab.net/vb/rm_wh/statusicon/thread.gif,1
http://abosrab.net/vb/rm_wh/statusicon/thread_hot.gif,1
http://abosrab.net/vb/rm_wh/statusicon/thread_hot_new.gif,1
http://abosrab.net/vb/rm_wh/statusicon/thread_lock.gif,1
http://abosrab.net/vb/rm_wh/statusicon/thread_new.gif,1
http://abosrab.net/vb/rm_wh/style/rm_11.gif,2
http://abosrab.net/vb/rm_wh/style/rm_13-16.gif,2
http://abosrab.net/vb/rm_wh/style/rm_22-33.gif,2
http://abosrab.net/vb/rm_wh/style/rm_26.gif,2
http://abosrab.net/vb/rm_wh/style/rm_28.gif,2
http://www.ratteb.com/ratteb.gif,1
